EmployeeID,Age,YearsAtCompany,JobSatisfaction,MonthlyIncome,OverTime,PerformanceScore,Attrition
11178,27.0,0.0,4.83,2650.53,0,61.46,1
10865,32.0,1.0,4.64,1650.14,0,93.36,1
10101,32.0,1.0,4.01,3178.86,1,63.03,1
10439,35.0,3.0,1.5,,1,29.02,0
10058,38.0,2.0,3.96,2370.56,0,65.86,0
11120,44.0,4.0,3.42,4183.37,0,62.52,0
10323,52.0,3.0,3.02,2790.93,1,45.9,0
10974,31.0,1.0,3.11,1611.11,1,60.31,0
10411,26.0,1.0,5.0,2425.7,1,67.99,0
10855,30.0,1.0,4.82,1660.59,0,91.86,0
10820,31.0,2.0,3.86,2643.31,1,72.13,0
10044,23.0,0.0,1.82,3031.66,1,10.0,1
10049,21.0,0.0,3.76,,0,,0
10849,31.0,1.0,5.0,3005.83,1,62.84,0
10240,29.0,3.0,4.41,2409.82,1,86.08,0
10170,28.0,1.0,2.76,1931.6,0,47.96,0
10523,40.0,5.0,3.86,4049.12,1,64.31,1
10765,29.0,2.0,2.67,3118.77,0,61.29,0
10838,43.0,9.0,2.91,3785.6,0,60.34,1
10423,43.0,5.0,2.01,3108.54,0,32.89,0
10380,28.0,1.0,2.4,2341.34,1,21.37,1
10609,47.0,6.0,3.28,4313.66,0,55.28,1
10676,26.0,1.0,2.54,2013.24,0,44.03,0
10344,31.0,1.0,2.9,12345.34,0,53.77,0
10109,34.0,3.0,4.85,3001.2,1,65.1,0
10277,30.0,,2.24,2543.0,1,50.96,1
10677,49.0,3.0,3.2,2490.34,0,69.5,0
10570,35.0,2.0,3.74,4141.37,0,63.2,1
10358,38.0,1.0,3.13,3164.03,1,60.54,0
10598,31.0,1.0,1.97,3710.39,0,26.14,0
10390,28.0,1.0,4.78,3968.89,0,89.67,0
10893,44.0,0.0,1.44,2852.13,0,17.22,0
10692,,0.0,5.0,2949.33,1,64.46,0
10727,38.0,5.0,4.6,4129.96,0,85.37,0
10362,34.0,4.0,2.79,3171.28,1,61.8,0
10596,33.0,3.0,3.2,4172.88,0,45.69,0
10427,40.0,5.0,2.76,1666.89,0,66.48,0
10070,38.0,4.0,2.55,3770.32,1,54.99,0
10321,40.0,4.0,4.41,3561.55,1,80.02,0
10652,33.0,4.0,3.75,2935.38,1,54.9,0
11065,26.0,1.0,3.33,997.8,0,66.82,0
10107,36.0,5.0,1.66,2752.41,0,19.28,0
11108,30.0,2.0,2.85,1884.48,1,55.92,0
10355,27.0,2.0,1.0,2402.44,0,10.0,0
10950,33.0,0.0,3.25,3493.0,0,45.5,0
10342,37.0,3.0,3.64,1739.76,1,65.87,1
10354,35.0,0.0,2.97,2673.92,0,38.45,1
10023,24.0,1.0,2.69,4079.84,1,55.77,1
10043,33.0,1.0,2.71,2222.44,1,42.2,0
10243,42.0,8.0,3.33,3602.58,0,50.91,1
10737,43.0,2.0,,11495.52,1,71.03,1
11135,43.0,2.0,4.85,3653.29,1,90.45,0
10367,35.0,1.0,4.27,3006.8,0,81.05,0
10163,28.0,2.0,2.54,3715.45,1,58.13,0
11115,38.0,1.0,1.48,2394.99,0,23.75,0
10332,36.0,,4.56,3370.03,0,84.98,0
10988,,2.0,,4168.6,1,75.11,0
11172,36.0,2.0,3.6,2377.76,1,80.67,0
11001,42.0,2.0,4.79,3290.93,0,63.91,0
10377,36.0,2.0,3.05,2867.07,0,53.29,0
10309,33.0,1.0,1.0,1929.58,0,22.31,0
10155,29.0,2.0,2.71,2195.41,0,31.43,1
10210,40.0,0.0,3.74,2853.78,1,45.16,0
10086,42.0,10.0,3.7,2540.52,0,62.3,1
10168,33.0,0.0,3.57,3613.18,1,50.37,0
10994,27.0,1.0,,1519.9,0,61.62,0
10051,72.0,2.0,2.83,4407.85,0,43.09,0
10438,21.0,0.0,1.96,2481.8,0,28.14,1
10549,30.0,1.0,2.7,3082.63,1,36.05,1
10490,35.0,3.0,4.16,2707.13,0,53.8,0
10425,46.0,4.0,4.19,2118.45,0,65.47,0
10135,47.0,1.0,4.41,3661.96,0,,0
11191,24.0,0.0,2.12,1797.83,1,30.45,1
10054,43.0,2.0,1.98,4011.73,0,24.83,0
10078,36.0,3.0,2.71,2881.51,0,57.07,0
10430,19.0,0.0,3.57,4162.07,0,67.29,1
10184,33.0,,3.09,2405.57,0,21.8,0
10056,28.0,0.0,4.88,1987.0,0,67.52,0
10942,40.0,5.0,2.43,4557.98,0,56.58,0
10850,30.0,0.0,2.6,2840.75,1,28.1,0
11163,22.0,0.0,3.79,1233.78,1,28.09,0
10218,31.0,5.0,4.45,2439.59,0,69.92,1
10844,36.0,1.0,3.32,4230.4,0,57.1,0
10113,55.0,1.0,3.1,4017.34,0,51.77,0
10548,38.0,1.0,2.4,2962.09,0,40.31,1
11018,32.0,1.0,2.41,1935.11,0,34.86,0
11072,36.0,1.0,2.7,3089.43,1,29.42,0
10174,37.0,5.0,3.06,1885.81,1,72.04,1
11022,35.0,2.0,3.27,2792.79,0,51.88,1
10615,,1.0,2.94,3100.61,0,15.62,1
10513,28.0,0.0,3.03,2704.4,1,38.91,1
10461,,1.0,3.63,2081.08,0,59.16,1
10286,34.0,2.0,4.42,4296.52,0,56.51,0
10381,30.0,1.0,1.88,1927.91,0,37.0,0
11007,40.0,3.0,4.96,3138.91,0,63.59,0
10670,45.0,3.0,2.8,3495.66,0,42.83,1
10534,30.0,4.0,4.26,2788.64,0,65.69,0
10909,52.0,4.0,3.39,2945.87,1,45.96,1
10292,30.0,2.0,4.04,2637.64,1,69.8,0
10123,24.0,0.0,3.13,2628.6,1,60.56,0
10582,40.0,3.0,4.3,3244.8,0,80.76,0
10140,37.0,3.0,2.8,1890.01,0,59.09,1
10735,39.0,4.0,2.67,2565.67,0,50.22,0
10081,38.0,3.0,2.59,4110.28,1,48.74,1
10881,31.0,1.0,4.23,3279.22,0,74.63,0
10739,43.0,7.0,4.67,3751.24,0,77.59,0
11101,12.0,0.0,1.98,2981.8,1,43.41,1
10908,40.0,4.0,4.39,3037.08,0,77.59,0
11166,46.0,3.0,2.3,,0,40.31,0
10936,27.0,0.0,3.01,2770.26,1,46.89,0
10371,39.0,5.0,4.28,3505.59,0,66.37,0
10889,44.0,6.0,3.71,2853.23,0,76.98,0
10156,50.0,4.0,3.83,3592.34,0,63.58,0
10991,19.0,0.0,2.1,800.0,1,35.58,0
10621,39.0,2.0,3.62,2297.38,1,64.64,0
11037,23.0,0.0,3.46,1891.8,1,70.22,1
10244,25.0,1.0,2.17,,0,51.96,0
10158,25.0,0.0,4.26,2208.52,0,77.39,0
10745,29.0,2.0,4.58,3609.27,1,83.05,0
10192,37.0,0.0,3.19,2613.04,0,64.55,0
10533,25.0,1.0,4.15,2480.06,1,64.59,0
10903,45.0,3.0,2.79,2801.53,0,71.69,0
11003,80.0,3.0,4.14,3691.56,0,66.2,1
11069,38.0,,4.46,3050.82,1,77.49,0
10413,45.0,0.0,4.14,3656.45,1,40.79,0
11186,27.0,1.0,4.47,3310.26,0,67.81,0
10327,41.0,8.0,1.66,2876.08,0,41.3,0
10128,36.0,0.0,3.57,3145.16,0,50.41,0
10694,40.0,3.0,2.79,3568.31,0,49.67,0
10630,21.0,0.0,2.09,1079.53,1,39.08,1
10274,27.0,1.0,1.27,2850.09,1,30.33,0
11147,23.0,0.0,3.73,3122.75,1,56.98,0
10308,39.0,6.0,2.69,4322.79,1,52.66,0
10233,30.0,2.0,3.57,3293.85,0,67.38,0
11047,22.0,0.0,3.6,2262.21,0,72.67,0
10622,50.0,12.0,1.38,2765.38,0,55.82,0
10643,23.0,0.0,3.19,1840.9,1,35.66,0
10478,60.0,9.0,3.0,4069.29,0,49.48,0
10471,17.0,0.0,3.28,2256.92,1,56.55,0
10925,23.0,0.0,1.64,2654.4,0,26.19,0
11097,19.0,0.0,3.29,,1,20.22,0
10626,27.0,1.0,2.54,2095.63,0,38.31,0
10394,44.0,6.0,2.06,3160.3,0,33.85,1
10636,42.0,5.0,3.01,2293.45,0,41.19,0
10767,49.0,,4.54,3820.39,0,74.11,0
10532,34.0,2.0,3.74,3207.87,1,72.82,0
10717,36.0,7.0,,4140.07,1,52.68,0
10666,33.0,3.0,1.12,2185.24,0,31.69,0
10597,27.0,2.0,2.76,1010.21,1,52.03,0
10481,27.0,1.0,2.99,2378.29,0,36.25,0
11102,52.0,8.0,4.93,2875.37,0,75.05,0
10314,45.0,5.0,4.11,3904.12,0,95.11,1
10728,31.0,2.0,2.89,4101.28,1,52.08,1
10209,66.0,14.0,2.57,5800.62,0,68.03,1
10933,17.0,0.0,5.0,2277.59,1,82.39,0
10433,41.0,3.0,4.62,3634.14,1,81.09,0
10328,40.0,1.0,2.13,2252.84,0,26.93,0
10260,28.0,2.0,3.98,2756.39,0,55.81,0
11116,54.0,3.0,2.59,3088.96,0,48.89,0
10306,45.0,3.0,3.71,2945.86,0,70.16,0
11066,25.0,0.0,3.37,2877.32,0,55.49,0
10927,38.0,2.0,4.91,2534.26,0,94.85,1
11024,49.0,5.0,2.85,2065.21,1,51.2,0
10270,47.0,13.0,3.16,,1,68.21,0
10290,33.0,2.0,1.34,3317.16,0,30.5,0
10812,47.0,4.0,2.22,3014.92,0,51.16,0
10096,37.0,3.0,3.16,2554.24,1,43.55,0
10887,32.0,3.0,3.34,3038.32,1,44.88,0
10818,36.0,4.0,4.22,1969.86,1,60.04,0
10031,50.0,17.0,2.75,5500.89,0,88.77,0
10762,55.0,6.0,1.0,4496.4,0,11.94,0
10953,47.0,2.0,2.66,2415.23,0,,1
10319,34.0,1.0,,1193.31,0,28.28,0
10298,42.0,6.0,4.24,2607.97,0,83.27,0
10199,26.0,2.0,4.72,2695.44,1,83.5,0
10560,37.0,4.0,2.76,3463.1,0,45.64,0
10178,33.0,4.0,4.45,2975.37,0,80.66,0
11131,38.0,4.0,2.27,3569.32,0,54.42,0
10088,31.0,0.0,2.44,2553.85,0,40.79,0
10787,39.0,1.0,1.48,3991.66,0,12.23,0
10724,36.0,3.0,4.6,3329.99,1,96.57,0
10826,48.0,2.0,2.82,3694.78,0,62.98,0
10208,39.0,,2.66,3098.98,0,,0
11039,43.0,3.0,1.57,3452.47,0,26.04,0
10296,42.0,4.0,,2394.08,0,47.38,1
10997,40.0,2.0,3.29,3261.89,0,70.84,0
10497,33.0,2.0,3.23,2117.25,0,63.49,0
10834,35.0,1.0,3.33,2537.13,0,54.34,0
10429,21.0,0.0,2.88,3473.22,1,44.68,0
10506,30.0,0.0,5.0,3192.31,0,74.38,0
10830,24.0,0.0,4.06,3416.65,1,56.94,0
10693,40.0,5.0,3.22,2159.59,0,62.65,0
10010,31.0,1.0,4.14,2009.74,0,62.69,0
10847,55.0,11.0,4.5,3683.03,0,75.95,1
10462,29.0,2.0,2.62,2125.48,1,30.89,0
10198,35.0,4.0,4.85,2896.94,1,80.32,1
10059,43.0,,3.26,3218.69,1,31.18,0
10906,24.0,0.0,3.08,1907.17,0,39.63,0
10996,49.0,0.0,2.33,2062.32,0,40.9,0
10275,39.0,6.0,5.0,2975.1,0,67.88,0
10808,45.0,4.0,3.01,5471.2,0,62.4,0
10907,41.0,1.0,4.47,3155.38,0,63.64,0
10657,35.0,5.0,2.73,2282.35,0,42.51,1
10956,38.0,5.0,3.46,2581.66,0,71.56,0
10885,50.0,,2.43,2811.46,0,40.62,0
10220,54.0,6.0,2.22,4670.91,0,51.73,0
10788,34.0,2.0,4.99,1555.25,0,68.9,1
10711,34.0,1.0,3.48,1544.44,0,41.95,0
10713,38.0,6.0,1.66,3881.12,0,63.49,0
11112,42.0,7.0,3.47,3427.85,0,48.43,0
11190,,2.0,1.93,2054.74,1,43.94,0
10789,22.0,0.0,2.3,1619.89,0,37.36,0
10415,29.0,2.0,2.37,983.21,1,40.5,0
10898,45.0,2.0,4.57,1968.2,0,91.66,1
10934,39.0,1.0,1.65,1955.85,0,29.49,1
10265,25.0,0.0,4.1,3629.35,1,81.43,1
10631,47.0,2.0,2.18,2224.94,1,36.26,0
10247,30.0,2.0,4.5,2971.84,0,69.29,1
10682,31.0,0.0,3.71,3029.99,1,55.88,0
10558,38.0,1.0,3.8,2655.76,1,65.13,0
11136,,,3.0,,1,27.32,1
10967,49.0,11.0,2.45,3223.37,0,77.54,0
11004,41.0,0.0,2.35,3136.13,0,21.64,0
10984,35.0,8.0,3.64,2688.55,0,51.46,0
10294,38.0,2.0,1.76,3325.12,0,27.83,0
10519,41.0,4.0,3.76,2410.32,0,55.19,0
10770,41.0,7.0,4.22,4496.16,0,51.95,0
10083,31.0,2.0,4.57,4892.23,0,83.58,0
10231,37.0,0.0,3.21,1636.54,0,58.29,0
10620,29.0,2.0,2.45,3486.7,0,25.75,0
10333,30.0,1.0,4.0,1407.89,1,62.1,0
10129,31.0,2.0,2.42,,1,43.24,0
11011,37.0,5.0,3.16,2789.59,0,60.44,0
10644,33.0,2.0,3.09,2165.62,0,50.48,0
10973,30.0,1.0,4.62,1697.22,0,66.36,0
10382,18.0,0.0,3.16,2303.54,0,58.89,0
10867,38.0,4.0,4.38,2889.52,1,58.84,1
10542,39.0,0.0,3.25,2742.48,0,63.38,0
11193,38.0,3.0,4.05,,1,68.87,0
10874,35.0,4.0,3.47,3499.53,0,56.46,1
10331,28.0,2.0,2.9,3113.56,0,46.17,0
10409,39.0,2.0,2.33,4083.02,0,37.93,1
10076,36.0,5.0,3.02,2468.16,0,35.6,1
10868,40.0,4.0,3.26,5208.3,0,62.54,0
10138,42.0,8.0,3.87,3763.1,1,67.87,1
10543,47.0,1.0,4.6,4382.81,0,68.06,1
10673,32.0,2.0,2.9,3005.45,0,51.56,0
10920,44.0,4.0,3.7,3614.75,0,51.92,0
10063,,1.0,4.05,2280.98,1,51.76,0
10141,,1.0,3.92,4213.7,0,51.47,0
10716,36.0,4.0,3.64,3817.83,0,56.07,0
10376,42.0,4.0,4.33,3401.46,1,62.52,0
10363,38.0,1.0,3.9,3310.11,0,84.4,0
10139,25.0,1.0,3.46,3941.16,0,61.83,0
10884,40.0,3.0,2.09,1730.98,0,44.26,1
11041,31.0,1.0,1.15,2467.91,0,20.26,1
10224,31.0,4.0,1.59,4371.14,0,51.72,0
10514,30.0,1.0,3.04,2637.6,1,39.74,0
10266,48.0,0.0,3.45,868.7,0,,0
11169,42.0,4.0,1.52,,1,35.79,0
10486,30.0,1.0,3.2,903.16,1,55.43,0
10352,42.0,8.0,2.67,3490.57,0,50.23,0
11005,38.0,3.0,1.92,3869.1,1,39.42,1
10617,41.0,5.0,1.28,3117.23,1,28.47,1
10667,47.0,4.0,3.87,2829.12,0,76.28,0
10774,40.0,6.0,,4071.24,0,75.38,1
10553,37.0,,3.81,2408.35,0,79.52,0
10575,17.0,0.0,3.19,2498.16,1,53.23,0
10914,34.0,4.0,3.22,2034.08,1,66.56,0
10465,33.0,2.0,1.6,2649.06,1,15.06,0
10590,36.0,1.0,3.46,2909.24,1,48.87,0
10764,44.0,1.0,5.0,2979.94,0,83.9,0
10634,27.0,0.0,1.86,3293.04,1,15.84,1
10837,27.0,1.0,2.1,1804.63,1,30.71,0
10289,,1.0,1.36,,0,35.12,1
10039,37.0,3.0,3.46,1249.57,0,84.08,1
10030,30.0,2.0,3.47,2209.86,0,74.96,0
10242,39.0,1.0,4.09,800.0,1,78.15,1
10428,43.0,4.0,2.53,4117.56,0,42.85,1
10136,29.0,,2.57,2759.77,1,62.08,0
11100,43.0,4.0,4.55,2856.64,0,90.32,0
10864,30.0,2.0,3.08,1447.06,0,73.98,0
10003,47.0,8.0,2.79,4780.2,1,35.43,0
10832,27.0,0.0,3.28,1382.83,1,,0
10602,42.0,5.0,2.28,3712.07,0,52.45,1
11033,40.0,3.0,4.22,2455.5,1,65.78,1
10654,56.0,4.0,2.75,2701.23,0,50.09,1
10843,38.0,7.0,3.92,2951.69,0,73.87,0
10783,40.0,3.0,1.33,2784.16,1,15.57,1
11073,25.0,1.0,3.47,1715.88,0,48.53,0
10442,18.0,0.0,3.9,,1,53.06,0
11177,34.0,3.0,2.64,3034.75,0,43.91,0
10435,36.0,9.0,2.76,4347.16,1,56.79,0
11168,40.0,2.0,3.14,2891.8,0,47.1,0
10100,24.0,1.0,5.0,1930.83,0,93.79,0
10772,40.0,6.0,3.29,2234.78,0,73.06,0
10494,47.0,9.0,3.66,5522.57,0,64.75,0
11027,36.0,2.0,3.75,2559.25,0,38.23,0
10806,37.0,3.0,2.65,3336.18,1,76.35,0
11141,46.0,12.0,3.48,6701.37,0,85.52,0
10845,39.0,1.0,2.76,3805.29,0,31.92,0
10986,47.0,5.0,4.42,3969.84,1,84.31,0
10227,26.0,1.0,2.2,3418.14,0,39.28,0
11192,30.0,1.0,1.86,978.99,1,31.19,0
10671,18.0,0.0,1.99,1454.14,0,33.15,0
10858,31.0,4.0,3.43,1528.08,0,62.77,0
10924,45.0,5.0,3.53,3288.08,1,74.27,0
10066,34.0,5.0,1.0,3156.84,1,13.91,1
10067,43.0,5.0,4.09,3851.35,0,73.97,1
10816,37.0,2.0,3.39,2569.24,1,71.59,0
10211,44.0,6.0,3.76,4284.95,0,46.75,1
10012,37.0,5.0,2.54,2710.86,0,53.19,0
10493,28.0,1.0,3.08,2387.75,0,48.6,0
11164,43.0,9.0,3.91,3229.96,0,82.07,0
10299,40.0,2.0,2.75,2770.64,0,46.35,0
10410,41.0,5.0,2.32,3347.93,0,37.05,0
10756,39.0,5.0,4.2,3835.95,0,62.27,0
11074,43.0,4.0,1.8,3028.02,0,41.17,0
10695,33.0,3.0,4.19,2631.57,0,73.25,0
11150,27.0,2.0,1.84,1566.5,1,44.86,0
10723,41.0,2.0,3.77,4036.42,0,58.93,0
11015,37.0,7.0,1.8,3103.83,0,28.99,0
10527,35.0,2.0,3.72,4273.92,1,51.62,0
10599,38.0,2.0,3.14,2624.88,0,52.01,0
11119,43.0,3.0,3.72,2882.68,0,72.64,0
10566,19.0,0.0,2.66,1821.3,1,63.25,0
10730,37.0,1.0,5.0,4617.64,1,95.66,0
10273,35.0,3.0,4.78,2940.21,1,100.0,1
10966,30.0,1.0,4.03,2452.82,0,48.41,0
10237,36.0,2.0,1.17,3372.76,1,22.37,0
10405,40.0,0.0,3.01,3108.17,1,34.95,0
10002,40.0,1.0,3.36,2790.27,1,52.2,0
10006,48.0,12.0,1.0,3971.27,0,31.32,0
10311,44.0,7.0,3.44,4101.53,0,43.75,0
11090,34.0,3.0,4.45,3496.85,0,70.26,0
10451,43.0,8.0,2.08,2917.05,1,10.0,1
10721,,0.0,2.06,1722.69,1,34.02,0
10215,41.0,3.0,1.47,4311.43,1,47.76,0
11085,38.0,3.0,2.61,2991.77,1,48.7,0
10027,,1.0,4.56,3159.35,1,57.07,0
11157,53.0,6.0,3.26,3247.85,0,66.89,0
10361,47.0,9.0,2.67,4403.94,0,37.91,0
10822,53.0,3.0,4.86,3757.85,0,86.41,0
10780,36.0,1.0,3.22,3916.39,0,20.65,0
10628,35.0,,3.87,3210.84,1,71.55,0
10453,39.0,2.0,1.38,2766.46,0,37.33,1
10738,48.0,8.0,2.2,3350.98,0,69.78,0
10535,35.0,5.0,4.14,2679.34,0,51.06,0
11049,46.0,4.0,2.43,2655.35,0,41.6,1
10398,34.0,,4.24,3172.49,1,65.65,0
10256,45.0,2.0,3.16,2533.4,0,30.31,1
10291,31.0,1.0,4.22,1200.45,0,61.73,0
10025,36.0,1.0,,2022.58,0,56.89,0
10336,28.0,0.0,2.79,2582.31,0,47.29,0
10584,36.0,3.0,2.28,2605.69,0,44.61,1
10047,43.0,4.0,1.92,1612.08,0,38.66,0
10318,38.0,4.0,2.63,3766.17,0,34.6,1
10106,50.0,7.0,4.14,3261.13,0,,0
10798,35.0,1.0,2.19,2365.47,1,32.65,1
10055,42.0,5.0,2.25,3683.87,1,57.63,0
10522,30.0,2.0,2.12,3006.63,1,51.55,0
10213,40.0,5.0,3.5,2300.26,0,63.03,0
10120,41.0,3.0,3.97,3237.46,0,84.28,1
10917,36.0,4.0,2.97,3420.23,0,46.86,0
11067,44.0,5.0,3.4,4233.52,0,56.3,1
11117,35.0,2.0,2.99,2024.09,0,25.37,0
10072,35.0,2.0,3.54,2309.96,1,53.49,0
10947,29.0,3.0,2.84,1793.55,0,47.27,1
10746,36.0,4.0,4.05,3591.0,1,66.93,0
10715,44.0,1.0,2.55,2898.7,0,41.74,0
10557,32.0,1.0,4.05,2759.77,1,63.9,0
11081,32.0,1.0,2.81,2705.67,0,56.06,0
11045,42.0,11.0,2.16,3652.11,0,58.23,0
10552,44.0,10.0,4.56,3551.37,0,85.82,1
10561,52.0,12.0,4.26,5342.93,0,81.71,0
10424,40.0,3.0,1.92,2988.41,0,27.04,0
11013,29.0,3.0,3.67,2426.57,0,87.53,0
10325,25.0,0.0,2.55,1234.26,1,41.1,0
10923,29.0,1.0,3.86,3472.81,0,40.67,0
10316,40.0,5.0,1.0,2858.9,0,24.42,0
10803,31.0,1.0,3.97,4246.99,0,84.62,0
11162,24.0,0.0,2.68,3000.26,1,47.41,0
10528,37.0,,3.87,2074.32,0,68.68,1
10836,47.0,3.0,2.68,3341.37,0,68.33,1
10714,35.0,2.0,3.72,,0,52.08,0
10900,38.0,0.0,5.0,2286.67,0,86.68,0
10060,31.0,2.0,3.06,1758.53,1,54.25,1
10722,24.0,1.0,2.59,2615.0,1,42.24,0
10092,29.0,1.0,2.33,3551.9,0,25.96,0
10857,39.0,9.0,3.37,3677.09,0,61.06,0
10618,39.0,4.0,3.84,2024.15,0,66.81,0
10351,47.0,3.0,5.0,4008.15,0,90.22,0
10932,23.0,0.0,3.74,2022.0,0,81.12,1
10280,36.0,4.0,1.92,3430.75,0,27.89,1
10420,51.0,0.0,2.73,4795.74,0,34.4,0
11114,36.0,1.0,2.71,2949.48,1,58.98,0
10359,28.0,2.0,3.17,2641.76,0,71.12,0
10422,33.0,2.0,2.32,800.0,0,49.8,0
10678,42.0,6.0,3.24,4459.48,1,72.29,1
10526,22.0,0.0,,1213.16,1,74.65,0
10477,37.0,6.0,,3334.53,0,32.48,0
11094,41.0,3.0,1.68,3181.14,0,23.79,0
10182,26.0,1.0,4.6,2610.51,0,57.76,0
11091,35.0,2.0,3.85,1502.32,1,69.84,0
10432,33.0,4.0,3.38,1943.28,1,47.4,0
10110,20.0,0.0,2.98,2303.71,0,47.24,0
10370,35.0,0.0,4.45,2655.15,0,74.97,1
10239,42.0,7.0,3.88,4911.99,0,67.58,0
10708,18.0,0.0,3.77,2643.84,1,100.0,0
10629,44.0,0.0,4.32,3972.27,1,85.57,0
10593,38.0,9.0,3.37,3190.24,0,51.0,0
10485,24.0,0.0,3.88,1354.7,0,50.86,1
10700,31.0,1.0,2.75,1681.18,1,52.16,1
10261,35.0,2.0,2.9,3200.85,0,56.84,0
10479,44.0,4.0,5.0,2022.54,0,76.87,1
10649,41.0,7.0,2.93,2130.49,0,58.32,0
10339,30.0,1.0,4.31,3149.28,1,77.4,1
10668,14.0,0.0,1.27,800.0,1,,0
10551,34.0,5.0,2.43,2977.88,1,40.78,0
10458,31.0,0.0,3.43,1865.56,0,45.16,0
10183,39.0,6.0,2.03,3287.08,1,45.44,1
10137,32.0,3.0,2.48,3849.35,0,56.76,0
11160,15.0,0.0,2.77,2164.45,1,53.63,1
10706,25.0,0.0,2.59,4007.59,1,53.59,0
10581,32.0,0.0,2.45,2148.39,1,35.87,1
10080,33.0,3.0,3.94,1437.57,0,53.94,0
10768,30.0,2.0,1.61,1850.34,1,62.22,1
10869,51.0,8.0,3.91,3813.56,0,89.86,0
10761,36.0,3.0,4.34,3831.74,0,61.76,0
10029,33.0,1.0,2.55,3392.14,0,58.67,0
10541,26.0,1.0,,2602.34,1,45.46,1
10165,38.0,2.0,2.53,3954.66,0,58.79,0
10248,49.0,3.0,2.38,3643.82,0,48.85,0
10307,30.0,1.0,2.5,3733.44,0,,0
10447,27.0,0.0,3.41,2780.66,1,45.16,1
10346,23.0,0.0,3.62,2688.32,1,77.99,1
10334,43.0,1.0,2.4,1932.06,0,20.86,0
10285,19.0,0.0,4.44,2805.77,1,53.0,1
10949,17.0,0.0,3.16,1475.86,1,57.88,1
10097,37.0,2.0,3.09,2622.99,0,55.56,0
10467,41.0,3.0,3.0,2924.52,0,50.49,0
11036,25.0,1.0,4.14,2065.32,1,65.62,0
10912,37.0,2.0,3.35,2507.66,0,56.75,1
10755,56.0,10.0,3.44,5092.94,1,48.53,0
10944,50.0,2.0,3.58,3322.85,0,74.32,0
10613,26.0,1.0,4.07,2931.93,0,79.01,0
10801,31.0,3.0,,1947.46,1,48.57,1
10757,36.0,2.0,1.19,3183.8,1,46.0,0
10688,41.0,1.0,4.69,1635.3,0,82.19,0
10065,46.0,7.0,4.16,6134.74,0,69.81,1
10793,25.0,1.0,3.18,2377.31,1,51.61,0
10743,,2.0,4.72,2146.37,0,54.04,1
10567,27.0,1.0,3.53,2645.63,0,39.52,0
11083,52.0,4.0,2.63,2889.68,0,44.82,0
11098,42.0,3.0,3.54,3189.75,0,48.1,0
10302,41.0,0.0,1.07,3315.96,0,26.26,1
10254,23.0,0.0,3.72,2530.9,1,53.84,0
10958,40.0,9.0,2.86,3110.93,0,49.58,0
11023,52.0,4.0,4.1,4901.07,0,44.67,0
10312,42.0,5.0,4.6,3763.35,0,80.61,1
10529,28.0,2.0,3.67,1502.86,0,64.94,1
10221,20.0,0.0,3.86,2025.98,0,43.67,0
10388,43.0,6.0,3.49,2629.86,0,57.09,0
10235,40.0,3.0,3.0,4015.86,0,47.85,0
10809,28.0,0.0,3.81,1830.48,1,60.2,0
10482,22.0,0.0,1.52,3858.67,1,21.41,0
10712,31.0,2.0,2.5,2548.42,1,39.43,0
10305,36.0,1.0,3.91,3095.87,0,58.53,0
11110,33.0,1.0,4.46,3041.03,1,79.74,0
11089,33.0,3.0,2.89,3462.62,0,42.63,0
10771,31.0,2.0,3.84,3967.22,0,47.24,0
10916,40.0,0.0,4.19,2233.6,0,53.26,1
11138,40.0,4.0,4.3,3803.26,0,78.78,0
10249,38.0,2.0,2.67,2954.5,1,67.25,0
10759,41.0,5.0,2.11,2880.95,0,44.15,0
10594,,3.0,1.82,3602.09,1,46.11,0
10071,47.0,,1.87,3601.52,0,52.03,0
10094,,4.0,3.55,,1,52.49,1
10545,29.0,1.0,2.17,2155.17,1,33.78,0
10033,27.0,,4.03,2556.45,1,72.59,0
10861,23.0,0.0,4.37,3915.13,1,83.41,0
10578,23.0,0.0,2.43,2516.59,0,38.94,0
10448,31.0,0.0,1.98,2152.32,0,31.74,0
10445,40.0,5.0,4.25,2450.1,0,73.5,1
10259,41.0,5.0,3.7,3848.08,1,81.72,0
10204,24.0,1.0,3.51,1071.56,1,68.11,0
10572,38.0,1.0,3.47,2134.43,0,73.05,1
10823,32.0,2.0,2.78,2599.25,0,44.98,0
10585,37.0,1.0,2.71,2240.44,0,70.0,0
10365,32.0,2.0,1.36,3553.46,0,10.0,0
10811,,3.0,3.86,8383.57,0,61.26,1
10077,33.0,3.0,4.0,3117.34,1,72.88,1
10084,29.0,3.0,3.12,3703.53,0,76.75,1
10538,43.0,0.0,3.83,1660.44,0,60.36,1
10082,47.0,20.0,2.61,5653.75,1,55.34,1
10457,27.0,1.0,3.38,2495.42,1,35.88,1
11137,25.0,0.0,2.52,2436.17,1,25.41,0
10614,55.0,9.0,3.36,3816.55,0,79.37,0
11185,43.0,2.0,1.4,2630.33,0,25.81,1
11075,31.0,2.0,4.08,1738.36,1,51.11,1
10736,37.0,,4.22,,0,71.68,0
10436,48.0,16.0,3.84,5643.77,0,80.06,0
10554,38.0,1.0,3.96,2039.78,0,87.38,0
11079,42.0,2.0,2.11,1863.82,0,41.98,0
11061,12.0,0.0,4.73,2523.17,0,79.37,0
10350,37.0,1.0,3.46,3385.42,1,75.27,1
10196,28.0,3.0,3.17,1962.89,1,59.86,0
10464,,4.0,2.74,2214.01,0,39.93,0
10588,42.0,,3.12,2190.42,1,48.16,0
10005,33.0,1.0,4.31,2371.39,0,65.82,0
10310,33.0,2.0,3.95,3265.74,0,66.04,0
10661,31.0,3.0,3.02,,1,48.45,0
10404,31.0,1.0,2.63,1384.77,0,51.55,0
11195,39.0,8.0,3.24,3426.03,0,60.01,0
11043,,3.0,2.67,3663.5,1,43.79,0
11057,44.0,3.0,1.81,2426.69,1,67.56,1
10104,34.0,1.0,2.8,2509.66,1,39.0,0
10536,,1.0,4.71,2353.57,0,55.49,0
10605,50.0,4.0,3.53,2169.31,0,64.93,0
10062,26.0,1.0,3.93,3491.43,1,71.71,0
10281,40.0,,2.04,1324.95,0,,0
11055,30.0,1.0,3.73,3634.51,1,62.52,1
10238,30.0,0.0,2.27,3000.81,0,12.84,0
10223,22.0,0.0,2.8,2862.06,1,67.79,0
10145,41.0,3.0,1.99,800.0,0,45.31,1
11118,37.0,1.0,4.18,1844.35,0,81.57,0
10373,43.0,2.0,3.45,2190.06,0,72.35,0
10118,44.0,5.0,2.61,3324.14,0,32.62,0
10802,36.0,0.0,3.8,2413.65,0,66.03,0
10250,25.0,1.0,4.26,3085.96,1,69.54,0
11156,29.0,0.0,3.83,2699.85,0,47.6,0
10009,39.0,2.0,2.58,4001.47,0,80.41,0
10449,27.0,0.0,3.16,2591.07,1,50.98,0
10873,29.0,2.0,2.12,1979.42,0,48.57,0
10389,30.0,1.0,5.0,,0,77.38,1
10965,47.0,3.0,4.47,3660.49,0,84.69,1
10460,51.0,1.0,4.26,5500.47,0,78.17,0
11146,26.0,2.0,2.37,2448.17,0,37.98,0
10144,37.0,6.0,1.96,4308.19,0,52.22,0
10501,50.0,9.0,3.19,5237.26,1,61.59,1
11107,27.0,,2.35,2176.96,1,58.98,0
10539,30.0,2.0,2.06,2083.82,0,46.01,0
10177,47.0,10.0,2.98,3674.78,1,58.62,0
11158,43.0,7.0,3.29,,0,58.49,0
11050,30.0,0.0,3.07,803.73,1,53.31,0
10583,53.0,3.0,2.68,4501.69,0,78.9,0
11194,22.0,0.0,4.69,3461.81,1,100.0,0
10007,41.0,,3.75,2814.64,0,66.92,1
10573,33.0,1.0,1.52,3089.7,0,26.08,0
10842,26.0,0.0,2.58,2406.1,1,23.27,1
10357,33.0,3.0,2.26,1289.36,0,47.18,1
10329,40.0,3.0,2.41,4593.06,0,46.61,0
10704,23.0,0.0,2.86,3895.7,0,30.79,0
10829,33.0,,2.34,2718.04,1,40.56,1
10258,39.0,5.0,3.84,3905.46,1,,0
10890,42.0,0.0,3.18,4146.61,0,72.1,1
10833,29.0,0.0,4.56,2102.44,0,80.91,0
11187,33.0,2.0,3.01,2024.69,0,60.16,0
10904,37.0,3.0,2.73,3176.03,0,67.27,0
10525,21.0,0.0,5.0,2065.22,0,85.63,1
10813,37.0,0.0,3.24,2637.19,0,46.11,0
10731,27.0,1.0,3.73,1874.06,1,74.74,0
11031,22.0,0.0,,800.0,0,23.5,1
11140,33.0,2.0,2.77,3113.06,0,,0
10440,38.0,0.0,3.2,1565.46,1,28.66,0
10531,22.0,0.0,2.93,3192.99,1,41.38,0
10959,39.0,3.0,4.36,3295.08,0,93.07,1
10228,29.0,0.0,3.94,1731.79,0,68.28,1
11040,48.0,4.0,4.54,4744.77,0,100.0,0
10212,43.0,3.0,3.89,1790.72,0,74.26,0
10079,19.0,0.0,3.51,1783.43,1,50.71,1
10148,39.0,6.0,2.52,4462.87,1,45.73,0
10591,31.0,5.0,3.11,2785.12,0,36.42,0
10707,49.0,,,2765.07,0,99.08,0
10589,28.0,1.0,3.13,1460.43,0,56.38,0
10133,39.0,11.0,3.13,3749.99,1,58.64,0
10781,24.0,0.0,2.78,1697.76,1,38.74,0
10408,36.0,5.0,2.2,2854.53,0,12.49,0
10969,24.0,0.0,2.47,2328.11,0,53.44,0
10507,28.0,2.0,2.18,3767.47,0,37.14,0
10876,31.0,0.0,2.6,2596.15,0,40.04,0
10504,30.0,1.0,4.8,3028.81,0,86.49,1
10718,32.0,2.0,3.26,2361.07,1,76.07,0
10347,24.0,0.0,3.3,2243.3,0,69.35,0
10386,38.0,,3.17,1996.2,0,68.61,0
10000,39.0,2.0,3.47,2896.7,0,71.3,0
10360,39.0,4.0,3.59,4318.55,0,73.42,0
11133,39.0,2.0,1.53,,0,13.89,1
10475,33.0,4.0,1.69,2917.61,0,34.93,1
10777,33.0,2.0,,2726.24,0,32.07,0
10753,43.0,3.0,5.0,3013.92,0,96.15,0
10172,,2.0,1.19,3109.49,1,10.3,0
10450,34.0,1.0,1.74,,1,23.05,0
10125,53.0,4.0,2.6,3521.27,0,41.88,0
10930,31.0,1.0,3.97,2950.03,1,67.81,1
10530,40.0,1.0,3.64,4233.16,0,60.59,0
10090,,3.0,1.13,2434.97,0,18.43,0
11161,53.0,12.0,2.41,4190.03,1,47.86,0
10181,28.0,1.0,2.72,8038.79,1,,0
11026,35.0,0.0,2.39,2800.45,0,31.52,0
10999,40.0,6.0,1.97,4191.68,0,39.24,0
10251,42.0,10.0,1.59,3192.61,1,37.31,0
10069,30.0,2.0,3.75,2920.08,0,61.57,0
10131,36.0,1.0,5.0,2910.12,0,84.21,0
10300,28.0,,2.96,2410.43,0,70.86,0
11132,48.0,6.0,4.05,4501.18,0,65.68,0
10326,44.0,12.0,3.76,4390.07,0,76.55,0
11019,38.0,6.0,3.13,3470.04,0,48.83,0
10499,24.0,1.0,4.0,3116.4,1,78.39,0
10665,36.0,2.0,2.73,3723.76,0,54.67,0
10918,31.0,1.0,1.0,2438.75,0,39.93,0
10495,39.0,6.0,3.19,3578.26,0,48.47,0
10338,38.0,4.0,4.05,3122.36,0,73.67,0
10963,41.0,6.0,2.63,3878.96,0,57.04,1
10164,43.0,6.0,2.7,2823.54,0,63.86,0
10028,30.0,1.0,3.14,2654.78,1,53.47,0
10516,39.0,2.0,1.11,3334.08,0,,1
10193,25.0,1.0,1.72,2898.31,0,30.83,0
11103,34.0,1.0,3.87,2058.42,0,60.88,1
10169,29.0,3.0,3.26,2764.39,1,54.0,1
11058,39.0,10.0,5.0,3294.41,1,86.01,0
10173,38.0,3.0,3.51,4591.72,1,52.21,1
10518,36.0,4.0,4.45,2277.62,0,67.61,0
10968,35.0,3.0,1.32,1378.34,0,29.3,0
10701,43.0,8.0,2.83,3955.61,0,56.05,1
10491,47.0,5.0,3.15,4032.43,0,73.07,0
10073,48.0,,1.7,2478.94,0,31.8,0
10980,41.0,2.0,3.24,2124.61,0,46.07,1
10587,28.0,0.0,1.03,2955.17,1,10.0,0
10234,52.0,2.0,2.5,2083.44,0,44.38,0
10214,32.0,1.0,1.14,3243.23,0,24.14,0
10946,23.0,0.0,2.37,2409.85,0,,0
10132,27.0,2.0,5.0,1314.66,0,95.41,0
11155,43.0,,3.43,4093.09,1,67.81,1
10732,38.0,3.0,1.67,2508.93,0,19.93,0
10940,25.0,0.0,1.57,2379.1,0,19.64,0
10185,41.0,4.0,2.73,3272.23,1,41.66,0
10041,36.0,2.0,3.87,3677.95,1,41.66,0
10108,37.0,2.0,2.37,4531.64,0,42.54,0
10848,30.0,1.0,3.92,3316.74,0,56.39,1
10568,20.0,0.0,2.58,3318.07,0,36.03,0
10650,50.0,4.0,3.66,3365.18,0,67.59,0
11000,46.0,6.0,3.16,2857.74,0,66.33,0
11165,55.0,6.0,1.92,3762.33,0,69.0,0
10483,37.0,5.0,4.82,3577.45,0,70.52,0
10468,31.0,1.0,3.3,2381.15,0,40.06,0
10024,31.0,3.0,2.47,3471.11,0,55.45,0
10660,30.0,0.0,2.93,1550.82,0,29.08,0
10679,45.0,3.0,3.89,2536.6,0,79.69,1
10752,27.0,1.0,3.81,2652.79,1,55.18,0
10993,30.0,1.0,2.57,3488.33,1,47.57,0
10366,37.0,4.0,3.36,2044.33,0,56.27,1
10839,33.0,3.0,1.0,2668.7,0,11.16,0
11052,39.0,1.0,5.0,3145.25,0,89.37,0
10383,31.0,3.0,1.95,2735.25,1,30.68,0
10454,31.0,2.0,2.98,2872.96,1,66.91,0
10264,33.0,2.0,4.66,2366.0,0,74.75,0
10760,30.0,3.0,3.39,2614.6,0,67.96,0
10979,41.0,2.0,3.93,2262.01,1,60.21,0
10444,25.0,1.0,3.17,2489.42,0,65.47,0
10395,31.0,1.0,3.45,4098.5,0,57.93,1
10741,25.0,1.0,2.4,2033.23,0,37.27,1
10176,35.0,4.0,3.56,3009.54,1,70.48,0
10018,28.0,1.0,3.81,2595.27,0,61.31,0
10948,35.0,1.0,2.96,3433.33,0,55.31,0
10814,43.0,0.0,4.18,1936.1,0,72.75,0
10595,31.0,2.0,2.08,2638.87,0,43.41,0
10061,34.0,3.0,3.66,2963.28,0,43.63,0
10272,44.0,7.0,4.1,3546.63,0,92.51,0
11125,26.0,1.0,2.91,2977.28,1,49.37,0
10278,36.0,5.0,1.96,3816.3,0,23.63,0
10841,40.0,5.0,2.16,2503.94,0,47.64,0
10368,36.0,0.0,3.89,2648.49,1,48.34,1
10886,40.0,6.0,2.24,3160.95,0,30.23,0
11014,49.0,7.0,3.85,3639.88,0,70.83,0
10859,40.0,1.0,1.56,3020.8,0,37.89,0
10720,37.0,1.0,2.57,2912.35,1,41.33,0
10825,47.0,,3.56,3130.26,0,56.14,0
10547,33.0,4.0,2.2,3429.46,0,24.66,1
10879,,9.0,3.67,5220.43,0,75.82,1
10899,28.0,1.0,4.85,2140.58,1,71.99,0
10456,34.0,3.0,5.0,1884.98,1,100.0,1
10393,50.0,3.0,1.5,2508.42,0,40.5,0
10675,29.0,1.0,1.59,2489.63,1,23.94,0
10911,37.0,6.0,3.11,4119.48,0,77.22,0
10964,34.0,2.0,2.49,3660.05,0,34.59,0
10375,29.0,1.0,3.11,2889.85,0,44.71,0
10412,23.0,0.0,2.53,1291.15,1,40.36,0
10074,14.0,0.0,2.8,,0,26.9,1
11121,44.0,7.0,2.62,2792.67,0,35.29,0
10862,47.0,1.0,3.73,3234.5,0,48.56,1
10500,42.0,2.0,5.0,3548.56,0,98.47,0
10941,42.0,6.0,2.85,2523.78,0,63.58,0
10616,36.0,5.0,2.78,3216.74,0,73.86,1
10114,33.0,6.0,4.99,2982.34,1,84.17,0
10417,36.0,3.0,2.57,2530.74,1,25.48,0
10601,,3.0,4.8,1579.04,0,76.37,1
10604,38.0,8.0,4.79,4274.32,0,92.68,0
10089,39.0,3.0,3.58,2121.51,0,61.82,0
11148,48.0,6.0,3.46,4484.47,0,59.71,0
10498,28.0,1.0,5.0,1639.27,1,72.1,0
10875,,7.0,1.0,4369.43,0,30.17,0
10926,31.0,2.0,4.45,3313.37,1,79.83,0
10998,30.0,1.0,2.38,3390.89,0,41.65,1
10011,31.0,1.0,,3032.22,0,24.37,1
10396,21.0,0.0,2.64,2719.49,1,39.55,0
10754,27.0,1.0,2.41,2429.47,1,27.72,0
10555,32.0,3.0,3.17,2034.3,1,62.2,0
10042,34.0,3.0,2.1,1624.01,1,30.97,0
10167,50.0,4.0,2.72,4098.23,0,38.49,0
10416,47.0,3.0,2.19,1941.89,0,46.78,0
10576,37.0,2.0,5.0,3018.58,0,76.2,0
10267,24.0,1.0,3.28,1906.96,0,67.35,0
10807,31.0,1.0,4.0,2395.27,0,72.19,1
10426,27.0,1.0,2.67,2987.51,1,77.84,1
10690,32.0,0.0,3.65,2160.09,0,37.31,1
10544,15.0,0.0,1.0,2500.44,1,14.2,0
11122,40.0,2.0,1.22,3609.1,0,10.0,0
10674,24.0,0.0,3.99,,1,53.47,0
10689,39.0,4.0,3.86,4111.09,0,63.47,0
11054,31.0,3.0,3.74,3454.17,1,59.1,0
11176,21.0,0.0,2.75,3200.94,1,39.1,0
11032,38.0,3.0,3.13,3292.22,1,68.65,1
11034,31.0,1.0,,3671.12,0,26.26,0
10257,29.0,2.0,4.47,2238.96,0,73.0,0
10335,34.0,3.0,3.83,3882.74,1,47.57,0
10015,31.0,5.0,1.46,3556.19,0,40.29,0
10901,32.0,5.0,4.35,3816.18,1,86.41,0
10324,27.0,1.0,3.26,3820.78,0,40.55,0
10607,25.0,1.0,2.49,1567.03,1,31.51,0
11053,37.0,2.0,3.6,1805.44,1,62.44,1
10790,38.0,6.0,5.0,9652.0,0,69.49,0
10222,40.0,3.0,3.18,3898.21,1,49.47,0
10179,57.0,3.0,4.07,2966.24,0,58.98,0
10099,,2.0,2.7,3703.88,0,24.31,0
10521,39.0,5.0,3.96,3006.79,0,60.26,1
10022,36.0,1.0,4.44,2205.62,0,88.66,0
10356,35.0,3.0,3.01,4140.54,1,50.0,0
10733,21.0,0.0,4.76,2839.95,1,61.79,1
11093,35.0,1.0,2.99,2660.83,1,62.32,0
11111,37.0,6.0,5.0,3582.02,0,84.37,1
10611,35.0,0.0,4.83,2109.93,0,66.14,0
11009,31.0,1.0,4.03,2825.78,1,85.96,0
10340,28.0,0.0,3.4,2823.59,0,51.03,1
10431,19.0,0.0,2.71,1020.54,1,53.0,0
10961,46.0,6.0,3.57,3582.1,0,74.33,1
10217,33.0,,3.3,2642.13,1,73.1,0
10203,43.0,1.0,3.18,2583.26,0,42.1,0
10905,35.0,7.0,5.0,3584.68,1,91.56,1
10922,36.0,3.0,3.01,1487.23,0,30.37,0
10093,32.0,7.0,4.31,2631.48,0,57.4,0
10910,33.0,2.0,1.75,2403.62,0,33.63,0
10068,38.0,0.0,2.77,3041.49,0,26.66,0
10894,46.0,4.0,2.32,3141.03,1,36.65,0
10284,52.0,8.0,3.43,2879.9,0,46.15,1
10696,38.0,2.0,3.01,1935.76,0,37.83,1
10085,31.0,3.0,3.71,3952.44,1,,0
10434,47.0,5.0,2.38,4386.14,0,37.45,1
10796,35.0,2.0,3.72,4456.38,1,71.74,1
10153,37.0,2.0,,3679.15,1,96.04,0
10075,42.0,1.0,2.39,12534.02,1,30.43,0
11042,44.0,,3.83,4909.82,0,78.45,1
10580,,3.0,4.12,3880.89,0,68.22,1
10446,38.0,2.0,2.52,3790.67,0,17.79,1
10703,24.0,1.0,4.64,800.0,1,68.81,0
10188,28.0,3.0,2.3,2148.45,1,55.12,1
10271,24.0,1.0,,3985.39,0,36.38,1
10236,19.0,0.0,3.76,,1,82.94,0
10487,26.0,1.0,3.77,1504.76,1,79.0,1
11159,32.0,3.0,2.7,2861.59,1,,0
10559,32.0,2.0,2.55,2383.29,0,,0
10117,26.0,0.0,2.52,3900.04,0,43.91,0
10637,36.0,2.0,3.22,3041.31,0,67.31,1
11127,29.0,0.0,4.17,1795.41,0,39.25,0
10750,28.0,1.0,5.0,2691.09,0,89.24,0
10512,33.0,4.0,2.6,3576.59,0,36.19,0
10633,32.0,2.0,3.84,2237.27,1,64.69,0
10785,44.0,3.0,4.62,3144.64,0,74.61,1
11006,42.0,,3.65,1980.48,0,62.5,0
10852,30.0,3.0,4.19,3620.96,1,94.52,0
10126,27.0,1.0,4.3,1991.17,1,65.68,1
10116,35.0,2.0,2.86,2055.78,1,35.53,0
10473,46.0,3.0,3.21,4528.11,0,44.02,0
10740,20.0,0.0,4.07,2907.22,1,67.37,0
10992,33.0,3.0,5.0,2358.8,0,80.95,0
10057,33.0,4.0,3.6,3489.65,0,64.56,1
10603,46.0,9.0,2.78,2438.59,1,41.85,0
10786,42.0,3.0,1.36,5209.76,0,23.76,0
10970,36.0,1.0,3.74,1145.45,1,69.22,0
10656,35.0,0.0,5.0,4110.15,0,94.61,0
10902,35.0,2.0,2.8,2574.46,0,,0
10921,27.0,1.0,2.36,2444.27,1,36.66,0
10105,38.0,3.0,3.52,2280.01,0,49.51,0
10635,22.0,0.0,2.21,1892.22,1,42.59,1
10369,29.0,2.0,3.38,1309.56,0,35.78,0
10268,,0.0,3.04,2356.97,1,77.37,1
10655,35.0,0.0,3.7,1266.86,0,31.94,0
10046,31.0,2.0,1.21,3662.97,1,21.32,0
10349,33.0,1.0,3.68,2558.14,1,55.07,0
10773,43.0,1.0,2.2,2857.79,0,31.14,0
10195,38.0,0.0,3.14,1248.48,0,43.05,1
10102,32.0,1.0,2.13,2703.11,0,19.69,1
10004,33.0,3.0,2.87,3528.29,0,24.38,0
10619,37.0,2.0,1.88,2999.23,0,31.26,1
10990,37.0,7.0,5.0,3774.89,0,97.08,0
10052,30.0,2.0,2.85,2551.45,0,45.13,0
10263,27.0,1.0,1.0,4992.03,0,33.25,1
11092,41.0,8.0,3.39,4030.78,0,52.7,0
10443,34.0,3.0,3.75,2180.25,0,45.39,0
10971,30.0,2.0,2.54,2580.56,1,43.48,0
10782,38.0,0.0,4.54,2700.22,0,71.93,0
10846,37.0,6.0,1.16,2046.11,0,10.2,0
10691,44.0,5.0,4.19,2820.3,0,73.3,0
10304,35.0,6.0,2.87,1598.37,1,52.05,0
10341,37.0,,4.8,2384.17,0,89.26,0
10866,37.0,4.0,2.63,3665.08,1,33.85,1
10313,42.0,7.0,2.8,3899.66,0,49.98,0
10149,37.0,6.0,1.98,2418.69,0,28.11,0
10124,,3.0,3.52,4276.79,0,60.53,0
11062,44.0,5.0,5.0,5612.23,0,97.71,0
10574,42.0,3.0,2.65,3195.09,0,49.58,1
10697,25.0,0.0,2.27,1607.79,1,51.46,0
10664,29.0,1.0,3.6,2748.85,1,55.32,1
10050,38.0,3.0,2.68,2118.49,0,60.8,1
10726,35.0,3.0,3.35,2150.82,0,,0
10799,35.0,1.0,4.25,3313.17,0,58.67,0
10353,34.0,1.0,3.63,4728.99,1,35.41,0
11152,30.0,0.0,3.13,2065.29,1,58.38,0
10142,22.0,0.0,1.76,2011.1,1,26.43,1
10470,33.0,4.0,3.84,2620.48,0,34.45,0
10653,26.0,1.0,4.0,3638.5,1,79.74,0
10399,45.0,9.0,3.73,4094.13,0,71.05,0
11153,24.0,0.0,2.41,2548.32,1,40.34,1
10937,41.0,5.0,4.49,3596.51,1,73.04,1
10320,36.0,1.0,4.1,3263.22,0,62.78,0
10019,24.0,0.0,3.73,1766.66,1,48.31,0
10684,25.0,0.0,3.58,1840.82,1,54.89,0
10035,25.0,0.0,2.95,2035.96,0,55.37,0
10824,31.0,2.0,4.21,3150.56,1,,0
10505,31.0,4.0,2.29,2935.76,0,36.32,0
10827,31.0,2.0,3.1,3012.9,0,52.97,0
11070,35.0,5.0,3.33,1669.35,1,50.93,0
10407,34.0,1.0,4.07,1976.5,1,54.95,1
10817,42.0,1.0,5.0,2986.28,0,93.58,0
10537,32.0,3.0,4.32,2862.07,1,75.31,0
10758,28.0,1.0,4.03,2651.07,1,53.64,0
11068,31.0,4.0,1.97,4153.68,0,29.54,0
10892,44.0,5.0,3.48,3861.76,0,54.61,1
10038,24.0,0.0,3.71,1456.77,1,69.95,0
10175,42.0,4.0,2.23,,1,26.57,0
10245,32.0,3.0,3.0,3589.58,0,44.73,0
10810,34.0,,2.77,4206.98,0,49.51,0
11084,38.0,,3.33,3281.17,1,62.84,0
11077,32.0,1.0,4.77,3389.97,0,63.37,0
10784,39.0,1.0,4.14,2909.09,0,64.22,1
11184,27.0,0.0,,2205.66,1,10.0,1
10489,42.0,11.0,2.23,4262.05,0,50.99,0
10154,37.0,5.0,4.61,4165.37,0,91.1,0
10638,25.0,0.0,3.25,2601.9,1,47.64,1
10662,35.0,2.0,3.32,3059.27,1,71.33,0
10853,45.0,3.0,3.01,3784.78,0,63.85,0
10287,,2.0,4.22,3731.97,0,70.11,1
10625,31.0,1.0,3.32,3609.56,0,36.02,1
11199,46.0,5.0,4.17,3983.92,0,69.31,0
10685,41.0,6.0,3.96,4612.46,0,69.83,0
10872,,1.0,3.64,3257.95,1,58.36,0
10569,32.0,1.0,3.96,3011.52,0,58.4,0
11143,36.0,2.0,1.0,1661.79,0,15.9,0
10734,43.0,1.0,2.46,2923.57,0,23.87,0
10792,37.0,3.0,3.37,1905.31,0,77.15,0
10017,38.0,1.0,2.9,1868.64,1,46.06,0
10127,30.0,,3.2,2336.07,0,72.9,0
10322,28.0,1.0,3.31,800.0,1,48.94,0
10255,31.0,3.0,3.13,1839.66,0,38.57,0
10943,34.0,3.0,3.92,1741.49,0,94.32,0
11179,68.0,10.0,4.2,3648.87,0,92.24,0
10190,31.0,2.0,2.82,3362.78,1,65.18,1
10115,37.0,2.0,3.64,2501.09,0,47.87,0
11173,34.0,3.0,3.17,3336.63,0,64.41,0
10888,40.0,9.0,3.0,4359.85,1,51.06,1
10606,29.0,2.0,2.28,1635.44,0,22.03,1
10180,18.0,0.0,5.0,3254.52,1,88.49,1
10301,31.0,1.0,4.33,3330.06,0,62.36,1
10496,27.0,,3.11,2495.59,1,72.43,0
10348,29.0,1.0,3.46,2186.6,1,55.45,0
11035,48.0,0.0,2.54,2640.11,0,46.38,1
10982,27.0,1.0,3.23,1623.4,0,50.08,1
10744,39.0,2.0,1.64,2380.94,0,24.92,0
11151,18.0,0.0,3.59,2339.28,1,54.65,1
10517,27.0,0.0,2.64,1767.23,0,34.53,0
10372,,2.0,2.87,2556.1,0,28.74,0
10045,29.0,2.0,4.34,2673.26,1,55.32,1
10476,40.0,2.0,4.48,2620.45,0,,0
10157,39.0,3.0,3.11,3072.91,0,60.38,0
11046,40.0,6.0,5.0,3798.73,0,100.0,0
10171,,1.0,4.7,2109.05,1,91.73,0
10016,27.0,0.0,4.84,2232.62,1,67.7,0
10511,35.0,,3.22,3574.15,0,62.04,1
10048,38.0,4.0,2.69,2882.71,0,36.01,0
10191,42.0,4.0,2.38,2645.81,0,45.18,0
10546,40.0,11.0,3.01,3859.72,0,80.31,0
10515,41.0,4.0,4.01,4730.52,0,54.19,0
10977,16.0,0.0,2.12,2525.45,1,32.51,0
10938,37.0,5.0,5.0,4441.74,0,98.58,1
10828,32.0,0.0,3.42,2684.83,0,58.1,0
10983,35.0,2.0,4.18,3488.65,1,86.85,0
10480,34.0,1.0,3.66,3566.13,1,57.11,1
11128,34.0,7.0,3.99,2164.1,0,77.62,0
10283,25.0,1.0,3.34,2197.24,1,,0
11029,27.0,1.0,3.97,2998.95,1,47.12,1
10797,40.0,1.0,3.03,2283.3,1,40.14,1
10939,,2.0,3.45,2664.02,1,52.81,0
10225,44.0,3.0,3.29,,1,63.49,0
10026,26.0,1.0,3.35,1907.27,1,57.37,0
10282,48.0,11.0,2.51,4194.72,0,56.44,0
11149,28.0,0.0,4.42,2375.49,1,,1
10437,24.0,0.0,4.7,3481.46,1,87.41,1
11167,40.0,2.0,2.49,2654.63,0,39.08,0
10364,41.0,5.0,2.39,2475.53,0,64.45,0
10229,40.0,7.0,3.85,3184.79,0,68.31,1
10037,19.0,0.0,3.05,3190.8,0,30.62,1
10669,44.0,1.0,1.83,3677.43,0,50.17,1
10749,24.0,0.0,5.0,2771.76,0,60.54,0
11180,36.0,1.0,2.51,1000.34,0,48.19,1
10374,52.0,5.0,3.49,3933.74,0,63.81,1
10469,30.0,3.0,4.16,3820.22,0,65.9,1
10882,31.0,1.0,2.06,2526.07,0,32.11,0
11181,46.0,4.0,3.37,2165.93,0,46.14,0
10687,32.0,1.0,2.88,2491.77,0,50.46,0
10032,35.0,1.0,2.58,929.37,0,54.35,0
11010,46.0,5.0,4.7,3486.09,0,74.52,1
11175,33.0,1.0,2.14,3334.29,0,22.05,1
10194,36.0,0.0,4.13,2106.51,0,74.31,1
11105,27.0,1.0,,2720.55,0,56.24,0
11113,39.0,2.0,3.41,3455.21,0,67.69,0
11063,21.0,0.0,4.01,1007.29,1,61.66,0
10503,40.0,3.0,2.13,2745.52,0,25.76,0
10915,37.0,3.0,1.99,3892.24,0,41.74,0
10976,31.0,1.0,3.88,800.0,0,69.98,1
11182,42.0,4.0,4.14,2658.53,0,49.69,0
11087,37.0,3.0,2.68,2542.66,0,50.93,1
10800,43.0,5.0,3.83,3002.78,0,61.73,0
10579,44.0,4.0,2.88,4038.7,0,25.86,1
10160,,3.0,2.41,2956.79,1,,0
10680,41.0,2.0,2.29,2663.06,1,49.46,0
11197,,0.0,3.7,2443.31,0,50.62,0
10162,44.0,2.0,3.52,3726.43,0,,1
10821,46.0,19.0,3.98,5418.49,0,90.15,0
10705,,2.0,2.49,3098.34,0,45.71,1
11008,43.0,8.0,3.41,4845.83,0,53.71,0
10877,37.0,4.0,3.74,4525.58,0,53.98,0
10895,40.0,1.0,2.84,2852.05,0,59.12,0
10913,48.0,7.0,4.48,3908.9,0,79.85,0
11198,,1.0,4.46,2103.93,1,81.42,0
10152,30.0,1.0,,2965.13,0,73.42,0
10978,22.0,0.0,2.43,3514.81,1,43.84,0
11002,35.0,3.0,2.95,2240.09,0,58.19,0
10509,28.0,1.0,1.61,3985.85,0,45.3,1
10111,35.0,,4.2,3545.62,1,72.79,0
10226,36.0,1.0,3.43,2700.32,0,60.33,0
10985,26.0,0.0,3.65,3834.72,0,58.0,0
10851,31.0,1.0,1.75,2792.68,0,30.11,0
10103,29.0,1.0,5.0,3350.78,1,76.83,0
10421,49.0,8.0,2.69,4406.02,0,70.16,0
10419,36.0,3.0,3.8,2247.23,0,85.47,0
10624,48.0,6.0,4.42,4787.82,0,64.54,1
10586,31.0,2.0,1.58,3395.52,1,19.45,0
11060,,1.0,3.16,3528.87,0,47.4,0
10919,37.0,8.0,3.52,3911.07,0,69.83,0
10672,32.0,0.0,3.52,1140.88,1,52.1,0
10119,41.0,5.0,4.44,2380.77,0,59.15,0
10053,40.0,1.0,3.37,3167.3,0,48.56,0
10151,38.0,4.0,4.69,3296.06,0,67.39,0
10403,35.0,1.0,3.73,3033.6,1,71.7,0
11188,39.0,3.0,3.49,3152.47,0,69.18,0
10207,39.0,3.0,2.17,3746.49,0,46.74,0
11134,33.0,3.0,2.02,3567.81,0,22.14,0
10658,37.0,2.0,4.58,1681.14,0,76.48,0
11096,36.0,3.0,2.52,2930.54,0,50.55,1
10232,35.0,3.0,4.15,4498.7,0,58.42,1
10008,31.0,0.0,4.15,1668.29,0,76.25,1
10159,40.0,6.0,3.11,3304.98,0,34.89,1
10036,37.0,4.0,2.23,3037.7,0,30.79,0
10452,27.0,0.0,4.91,1932.92,0,71.94,0
10651,44.0,3.0,3.75,1823.43,0,56.07,0
10253,43.0,1.0,3.47,2217.01,1,37.19,1
10303,40.0,8.0,3.52,3756.26,0,70.56,1
10896,34.0,1.0,2.77,1947.77,1,40.02,0
11048,47.0,,3.77,3341.19,0,59.62,0
10880,55.0,6.0,1.81,2703.24,1,10.0,0
10571,48.0,2.0,1.71,2869.18,0,10.0,0
10623,46.0,1.0,1.88,2684.36,0,33.13,1
11144,34.0,0.0,1.8,2422.06,0,24.71,0
11030,33.0,1.0,4.5,1844.5,0,49.91,0
11145,35.0,3.0,4.14,2711.58,1,65.8,0
10262,9.0,0.0,5.0,2456.63,1,87.81,0
10610,,3.0,4.23,4263.17,0,71.86,1
10297,37.0,2.0,3.38,3365.82,0,46.82,0
10989,35.0,3.0,2.62,3785.23,0,32.13,0
10414,38.0,5.0,3.18,3109.22,1,57.38,0
10150,37.0,8.0,3.68,4072.27,0,66.39,1
10945,26.0,0.0,2.16,1928.18,0,,0
10472,23.0,0.0,4.21,1622.74,1,75.96,0
10952,25.0,0.0,2.8,3180.17,1,56.23,0
10987,42.0,6.0,4.81,3490.44,0,,0
10778,34.0,4.0,3.57,2582.21,1,54.94,0
10640,32.0,2.0,3.24,2375.16,0,36.56,0
11189,27.0,1.0,2.63,2224.19,1,33.42,0
11142,34.0,1.0,3.34,2893.28,0,41.28,0
10550,36.0,3.0,2.25,3281.64,0,36.01,1
10639,25.0,0.0,1.84,1586.36,1,,0
10935,31.0,0.0,2.4,,1,42.24,0
10928,48.0,7.0,2.69,4113.71,0,,0
10488,48.0,7.0,3.05,2393.12,0,62.34,0
10819,44.0,,4.06,3269.19,0,86.23,1
10710,37.0,2.0,3.23,2728.52,0,52.46,0
11080,32.0,2.0,2.0,2216.01,1,44.3,0
10147,24.0,1.0,3.56,3298.1,1,53.4,0
10146,25.0,0.0,2.49,2783.33,1,36.47,0
11174,29.0,0.0,2.74,3090.14,1,41.74,1
10962,37.0,1.0,3.82,2500.29,0,70.68,1
10345,37.0,,2.57,3323.5,1,44.67,0
10402,,1.0,3.71,4523.63,0,48.14,0
10931,50.0,10.0,2.53,4115.76,0,67.92,0
10954,34.0,1.0,1.86,2208.31,0,38.3,0
11124,48.0,1.0,1.54,1550.72,0,13.85,1
10659,34.0,3.0,4.08,4235.23,0,73.38,0
10463,,3.0,4.32,1922.85,0,59.26,0
10186,39.0,4.0,3.8,4638.26,0,69.09,0
10608,21.0,0.0,1.99,1747.24,1,18.71,0
10143,36.0,0.0,3.32,3799.16,0,37.45,0
10751,24.0,0.0,2.58,2874.56,0,36.32,0
10981,38.0,3.0,3.32,3492.02,0,53.39,0
10197,36.0,2.0,3.11,2172.99,1,46.48,0
10883,43.0,2.0,3.81,2433.49,0,74.71,0
10279,32.0,1.0,3.2,2465.66,0,45.19,0
10293,,3.0,2.58,3506.94,0,57.53,0
11088,33.0,0.0,,2079.82,0,59.27,0
10400,22.0,0.0,1.5,1668.45,1,51.55,0
10122,46.0,1.0,3.29,2628.32,0,61.46,0
10202,44.0,2.0,2.08,3562.63,0,35.54,1
10835,37.0,8.0,4.75,3599.1,0,72.52,0
10246,31.0,1.0,1.21,3641.92,1,16.34,1
11139,41.0,9.0,4.42,3931.52,1,85.1,0
10384,29.0,2.0,3.81,2462.79,0,75.84,0
10854,46.0,10.0,3.83,3787.56,1,75.21,0
10219,36.0,1.0,3.28,2487.75,0,72.46,0
10641,48.0,10.0,2.48,4180.46,0,61.57,0
10001,34.0,4.0,2.56,2872.41,1,39.4,0
10112,35.0,2.0,2.75,2839.94,0,49.61,1
10698,42.0,3.0,2.66,2552.64,0,48.2,1
10951,38.0,4.0,4.43,2397.91,1,75.09,0
11078,47.0,4.0,3.28,3864.13,0,,0
10441,35.0,2.0,3.1,2601.52,1,55.88,0
10663,31.0,2.0,,3787.17,1,,1
11196,35.0,2.0,1.68,2863.25,0,10.0,0
10317,33.0,2.0,3.11,2075.35,0,57.71,0
10648,33.0,5.0,1.63,3678.69,0,25.89,1
10709,49.0,13.0,2.7,5155.69,0,40.18,1
10972,42.0,5.0,3.53,4462.1,0,55.99,0
10627,34.0,2.0,3.33,3184.41,1,46.75,0
10632,34.0,4.0,3.81,3194.83,0,64.17,0
11171,37.0,0.0,1.81,1064.25,1,36.73,0
11106,40.0,9.0,1.0,4723.8,0,40.43,0
10795,43.0,2.0,3.66,2287.37,0,63.12,0
10645,33.0,1.0,4.0,4210.04,0,69.22,0
11012,52.0,5.0,3.05,4644.6,0,41.79,0
10556,31.0,0.0,4.21,3990.77,0,55.61,0
10681,26.0,1.0,2.73,3373.39,1,67.04,0
10577,41.0,10.0,3.52,3532.45,0,76.7,0
10524,29.0,1.0,3.3,4222.97,0,39.06,0
11059,32.0,2.0,2.32,2341.7,0,42.23,0
10540,42.0,3.0,2.06,,0,50.12,0
10748,30.0,0.0,3.33,2200.62,0,55.4,0
11109,50.0,12.0,,5649.16,0,53.71,1
10484,29.0,1.0,4.41,800.0,0,76.77,0
10095,23.0,0.0,4.39,1544.05,1,47.25,1
11020,39.0,8.0,2.03,3952.85,0,69.62,0
10563,,1.0,1.91,3397.27,1,38.12,0
10742,30.0,0.0,2.95,2913.6,0,70.76,0
10863,49.0,1.0,1.68,2976.62,0,42.18,1
10891,39.0,3.0,1.68,2609.17,1,34.44,1
11038,37.0,2.0,2.23,3669.21,1,35.2,1
10206,39.0,5.0,3.51,4333.01,1,66.65,0
10392,24.0,0.0,1.76,2595.5,1,35.9,1
10794,26.0,1.0,2.99,1948.25,1,27.12,0
10870,34.0,3.0,2.79,3075.14,1,50.95,1
10397,46.0,2.0,2.36,2788.23,0,52.36,0
10766,35.0,4.0,3.78,3426.55,0,56.05,0
11099,38.0,2.0,3.02,2866.06,1,79.79,1
11028,40.0,4.0,4.87,5489.0,0,97.54,0
10642,33.0,0.0,2.03,3156.79,0,48.83,0
10612,37.0,2.0,1.71,2842.75,0,41.39,0
10960,40.0,4.0,3.85,3179.64,1,72.09,1
10725,34.0,1.0,4.45,3737.0,1,47.06,0
10683,39.0,0.0,1.0,2413.67,0,14.11,0
10098,35.0,1.0,2.9,1696.76,0,48.32,0
10804,32.0,0.0,2.44,2154.85,0,39.73,1
10406,26.0,1.0,1.23,3582.47,0,19.56,0
10502,24.0,1.0,2.89,2883.13,1,43.31,0
11071,39.0,7.0,2.48,3479.88,0,41.13,0
11056,35.0,5.0,3.83,3822.13,0,79.27,0
10929,34.0,3.0,1.29,2341.92,0,33.04,0
10779,40.0,3.0,1.64,3227.31,1,18.73,0
10200,38.0,2.0,4.55,3558.96,0,100.0,1
10134,28.0,1.0,4.73,2197.39,1,84.96,0
11051,38.0,4.0,3.09,4138.7,0,58.01,0
10040,41.0,2.0,4.39,2129.56,0,83.73,0
11017,31.0,,3.2,3780.52,0,77.0,0
10230,29.0,1.0,3.25,1256.0,1,67.73,0
10378,53.0,,2.7,4186.75,0,66.19,0
10288,37.0,2.0,2.94,3723.0,0,,1
10418,44.0,3.0,3.13,2281.73,0,79.35,0
10391,39.0,6.0,1.79,3625.16,0,38.69,0
10592,39.0,6.0,5.0,2052.74,0,87.48,0
11086,43.0,1.0,3.45,818.7,0,52.25,1
10647,35.0,2.0,3.44,3039.55,1,53.37,0
10520,22.0,,4.47,2731.6,1,83.56,0
10064,,5.0,3.07,4214.95,1,61.38,0
10014,21.0,,4.15,2228.9,1,59.51,0
11064,32.0,6.0,2.7,3217.92,1,25.85,1
10492,36.0,1.0,3.72,2709.52,1,74.11,0
10379,29.0,1.0,1.0,4417.75,1,21.11,1
10187,34.0,3.0,3.78,2857.01,0,73.17,0
10763,34.0,1.0,3.99,2181.14,1,67.2,0
10216,29.0,1.0,3.06,2933.84,1,42.76,0
10791,37.0,1.0,1.39,1772.58,0,20.87,0
11076,23.0,0.0,3.43,1869.84,1,68.7,1
10878,35.0,2.0,4.32,2351.44,1,59.92,1
10337,32.0,1.0,3.67,2043.77,0,66.88,0
10719,35.0,2.0,,1623.66,1,28.25,0
10295,29.0,1.0,2.15,3617.36,1,31.87,0
11016,30.0,2.0,3.5,2826.56,0,69.02,0
10455,29.0,0.0,4.03,2596.13,1,57.19,0
10815,23.0,0.0,3.67,1929.25,0,70.35,0
10269,36.0,2.0,4.3,3307.96,1,69.72,0
10995,33.0,1.0,3.22,2067.42,1,61.56,1
10201,39.0,8.0,3.11,2658.2,1,64.1,1
10161,41.0,4.0,4.57,2718.41,1,63.0,0
10729,29.0,1.0,1.91,2651.46,1,21.79,0
10401,30.0,1.0,4.18,2324.95,1,83.5,0
10702,,0.0,2.17,1500.22,0,56.76,1
11129,38.0,1.0,2.68,3143.93,1,51.33,0
10565,32.0,2.0,4.76,2776.7,0,85.67,0
11021,30.0,0.0,1.69,1850.13,1,25.57,1
11025,38.0,1.0,2.24,2443.04,0,20.77,0
11104,44.0,3.0,2.95,2069.43,0,65.7,0
10205,27.0,3.0,4.01,2810.86,1,63.73,0
10034,42.0,5.0,5.0,2846.26,0,96.5,1
10775,22.0,0.0,3.23,800.0,1,40.1,0
10508,35.0,4.0,4.09,2945.15,0,60.42,0
11183,22.0,0.0,2.51,1252.24,0,48.77,0
10091,43.0,3.0,2.99,5141.01,0,51.63,0
10897,36.0,4.0,1.55,2789.95,0,29.08,0
10564,45.0,5.0,2.66,2930.78,0,41.24,0
10776,29.0,1.0,2.3,,1,49.02,1
10241,34.0,4.0,4.22,2467.82,0,,0
10013,20.0,0.0,2.42,1918.22,1,41.39,0
10315,35.0,3.0,2.13,4161.19,0,45.28,0
10600,41.0,7.0,3.16,3169.26,0,58.46,0
10387,50.0,1.0,2.22,3049.95,0,38.31,0
10166,42.0,2.0,2.2,2325.05,0,24.8,0
10840,35.0,2.0,4.11,3707.8,1,51.96,0
10020,47.0,1.0,3.35,4195.07,0,34.28,1
10646,13.0,0.0,2.34,1940.78,1,42.05,0
11154,48.0,9.0,2.4,3843.23,0,53.59,0
10831,28.0,2.0,3.1,3024.15,1,26.24,0
10562,42.0,8.0,2.68,4278.61,0,61.75,0
11170,41.0,3.0,2.32,2999.54,0,37.07,0
10686,33.0,3.0,1.87,2026.9,1,16.29,0
10957,39.0,6.0,1.48,2698.1,0,,0
10189,23.0,0.0,3.86,2041.79,1,83.09,0
10975,20.0,0.0,3.43,2809.55,1,63.6,0
10699,34.0,4.0,3.51,2704.77,0,,1
10510,37.0,2.0,2.76,3830.68,1,58.17,0
11082,32.0,4.0,2.92,3201.22,0,50.51,0
10474,48.0,8.0,1.91,4658.81,0,30.72,0
10856,28.0,1.0,3.59,1227.95,0,72.51,1
10747,29.0,1.0,3.71,1090.53,1,44.91,0
10252,52.0,3.0,2.01,2173.23,0,28.88,1
10021,33.0,1.0,2.6,2472.04,1,45.43,0
10459,25.0,,3.24,800.0,1,63.74,1
10276,37.0,1.0,2.16,1812.61,0,25.16,0
10955,44.0,10.0,2.98,3978.52,0,70.44,1
10385,36.0,2.0,4.31,4359.42,1,61.14,0
10805,33.0,1.0,3.76,1950.59,0,42.86,0
10343,31.0,1.0,3.34,2314.36,1,46.97,0
10769,49.0,5.0,3.96,2542.81,0,47.85,0
10130,23.0,0.0,2.47,1525.85,1,,0
10871,29.0,2.0,3.28,1666.48,1,52.06,0
11123,26.0,1.0,1.28,1900.85,1,46.0,0
10087,38.0,7.0,2.0,2086.53,0,22.89,0
10330,35.0,0.0,,2698.76,0,47.36,0
10466,40.0,1.0,1.6,3901.45,0,28.37,0
10121,28.0,,2.05,2179.96,1,,1
11044,34.0,2.0,4.25,3359.05,0,41.26,0
11095,34.0,5.0,4.61,2688.94,0,52.64,1
11130,38.0,5.0,4.34,2521.46,0,55.41,0
10860,37.0,5.0,4.31,,0,88.33,1
11126,37.0,5.0,4.19,4543.01,1,61.42,0
 
